Hotel_Name,Location,Price,Rating,Score,Review,Link
DownTown Arambol - The River Side Hostel,Arambol,"2,878",Superb,9.4,45 reviews,https://www.booking.com/hotel/in/downtown-arambol-the-river-side-hostel.en-gb.html?label=en-in-booking-desktop-SoQWfYhAMBURf0HSQntj1AS652796016141%3Apl%3Ata%3Ap1%3Ap2%3Aac%3Aap%3Aneg%3Afi%3Atikwd-334108349%3Alp9302084%3Ali%3Adec%3Adm&aid=2311236&ucfs=1&arphpl=1&checkin=2025-02-27&checkout=2025-02-28&dest_id=4127&dest_type=region&group_adults=2&req_adults=2&no_rooms=1&group_children=0&req_children=0&hpos=1&hapos=1&sr_order=popularity&srpvid=f0816bafc3240608&srepoch=1740323936&all_sr_blocks=1287241603_401681623_2_42_0_790191&highlighted_blocks=1287241603_401681623_2_42_0_790191&matching_block_id=1287241603_401681623_2_42_0_790191&sr_pri_blocks=1287241603_401681623_2_42_0_790191_287760&from=searchresults
"Daksh Elite Candolim, Goa",Goa,"2,622",Superb,9.1,20 reviews,https://www.booking.com/hotel/in/blue-pearl-a-boutique.en-gb.html?label=en-in-booking-desktop-SoQWfYhAMBURf0HSQntj1AS652796016141%3Apl%3Ata%3Ap1%3Ap2%3Aac%3Aap%3Aneg%3Afi%3Atikwd-334108349%3Alp9302084%3Ali%3Adec%3Adm&aid=2311236&ucfs=1&arphpl=1&checkin=2025-02-27&checkout=2025-02-28&dest_id=4127&dest_type=region&group_adults=2&req_adults=2&no_rooms=1&group_children=0&req_children=0&hpos=2&hapos=2&sr_order=popularity&srpvid=f0816bafc3240608&srepoch=1740323936&all_sr_blocks=1191881001_405152709_2_2_0&highlighted_blocks=1191881001_405152709_2_2_0&matching_block_id=1191881001_405152709_2_2_0&sr_pri_blocks=1191881001_405152709_2_2_0__262200&from=searchresults
Ocean Wave Calangute,"Calangute Beach, Calangute","1,400",Good,7.9,530 reviews,https://www.booking.com/hotel/in/bella-stay.en-gb.html?label=en-in-booking-desktop-SoQWfYhAMBURf0HSQntj1AS652796016141%3Apl%3Ata%3Ap1%3Ap2%3Aac%3Aap%3Aneg%3Afi%3Atikwd-334108349%3Alp9302084%3Ali%3Adec%3Adm&aid=2311236&ucfs=1&arphpl=1&checkin=2025-02-27&checkout=2025-02-28&dest_id=4127&dest_type=region&group_adults=2&req_adults=2&no_rooms=1&group_children=0&req_children=0&hpos=3&hapos=3&sr_order=popularity&srpvid=f0816bafc3240608&srepoch=1740323936&all_sr_blocks=878042132_366205950_4_0_0_274836&highlighted_blocks=878042132_366205950_4_0_0_274836&matching_block_id=878042132_366205950_4_0_0_274836&sr_pri_blocks=878042132_366205950_4_0_0_274836_140000&from=searchresults
Zulu Land cottages - near Curlies beach shack and shiva valley - Anjuna beach,"Anjuna Beach, Anjuna","2,591",Good,7.1,"2,317 reviews",https://www.booking.com/hotel/in/oyo-14197-curlies-zulu-land-cottages-goa12.en-gb.html?label=en-in-booking-desktop-SoQWfYhAMBURf0HSQntj1AS652796016141%3Apl%3Ata%3Ap1%3Ap2%3Aac%3Aap%3Aneg%3Afi%3Atikwd-334108349%3Alp9302084%3Ali%3Adec%3Adm&aid=2311236&ucfs=1&arphpl=1&checkin=2025-02-27&checkout=2025-02-28&dest_id=4127&dest_type=region&group_adults=2&req_adults=2&no_rooms=1&group_children=0&req_children=0&hpos=4&hapos=4&sr_order=popularity&srpvid=f0816bafc3240608&srepoch=1740323936&all_sr_blocks=432809403_230684487_2_41_0_559195&highlighted_blocks=432809403_230684487_2_41_0_559195&matching_block_id=432809403_230684487_2_41_0_559195&sr_pri_blocks=432809403_230684487_2_41_0_559195_259135&from=searchresults
Super Townhouse Calangute - Baga Circle,Calangute,"1,638",Superb,9.0,179 reviews,https://www.booking.com/hotel/in/collection-o-400-calangute-baga-circle-goa.en-gb.html?label=en-in-booking-desktop-SoQWfYhAMBURf0HSQntj1AS652796016141%3Apl%3Ata%3Ap1%3Ap2%3Aac%3Aap%3Aneg%3Afi%3Atikwd-334108349%3Alp9302084%3Ali%3Adec%3Adm&aid=2311236&ucfs=1&arphpl=1&checkin=2025-02-27&checkout=2025-02-28&dest_id=4127&dest_type=region&group_adults=2&req_adults=2&no_rooms=1&group_children=0&req_children=0&hpos=5&hapos=5&sr_order=popularity&srpvid=f0816bafc3240608&srepoch=1740323936&all_sr_blocks=1283795501_408360317_2_0_0&highlighted_blocks=1283795501_408360317_2_0_0&matching_block_id=1283795501_408360317_2_0_0&sr_pri_blocks=1283795501_408360317_2_0_0__163839&from=searchresults
Hotel Sea Castle,Calangute,"3,000",Fabulous,8.9,183 reviews,https://www.booking.com/hotel/in/baga-treasures.en-gb.html?label=en-in-booking-desktop-SoQWfYhAMBURf0HSQntj1AS652796016141%3Apl%3Ata%3Ap1%3Ap2%3Aac%3Aap%3Aneg%3Afi%3Atikwd-334108349%3Alp9302084%3Ali%3Adec%3Adm&aid=2311236&ucfs=1&arphpl=1&checkin=2025-02-27&checkout=2025-02-28&dest_id=4127&dest_type=region&group_adults=2&req_adults=2&no_rooms=1&group_children=0&req_children=0&hpos=6&hapos=6&sr_order=popularity&srpvid=f0816bafc3240608&srepoch=1740323936&all_sr_blocks=1161908710_402724317_4_0_0&highlighted_blocks=1161908710_402724317_4_0_0&matching_block_id=1161908710_402724317_4_0_0&sr_pri_blocks=1161908710_402724317_4_0_0__300000&from=searchresults
"Casa Happy Dervish, 2mins away from the beach",Anjuna,"2,928",Very good,8.4,51 reviews,https://www.booking.com/hotel/in/casa-happy-dervish-goa.en-gb.html?label=en-in-booking-desktop-SoQWfYhAMBURf0HSQntj1AS652796016141%3Apl%3Ata%3Ap1%3Ap2%3Aac%3Aap%3Aneg%3Afi%3Atikwd-334108349%3Alp9302084%3Ali%3Adec%3Adm&aid=2311236&ucfs=1&arphpl=1&checkin=2025-02-27&checkout=2025-02-28&dest_id=4127&dest_type=region&group_adults=2&req_adults=2&no_rooms=1&group_children=0&req_children=0&hpos=7&hapos=7&sr_order=popularity&srpvid=f0816bafc3240608&srepoch=1740323936&all_sr_blocks=1097347001_382618147_2_0_0&highlighted_blocks=1097347001_382618147_2_0_0&matching_block_id=1097347001_382618147_2_0_0&sr_pri_blocks=1097347001_382618147_2_0_0__292814&from=searchresults
FabExpress Alor Resort,Calangute,"1,822",Review score,4.9,18 reviews,https://www.booking.com/hotel/in/capital-o-70122-paguer-resort.en-gb.html?label=en-in-booking-desktop-SoQWfYhAMBURf0HSQntj1AS652796016141%3Apl%3Ata%3Ap1%3Ap2%3Aac%3Aap%3Aneg%3Afi%3Atikwd-334108349%3Alp9302084%3Ali%3Adec%3Adm&aid=2311236&ucfs=1&arphpl=1&checkin=2025-02-27&checkout=2025-02-28&dest_id=4127&dest_type=region&group_adults=2&req_adults=2&no_rooms=1&group_children=0&req_children=0&hpos=8&hapos=8&sr_order=popularity&srpvid=f0816bafc3240608&srepoch=1740323936&all_sr_blocks=910639304_405703875_2_2_0&highlighted_blocks=910639304_405703875_2_2_0&matching_block_id=910639304_405703875_2_2_0&sr_pri_blocks=910639304_405703875_2_2_0__182188&from=searchresults
"TATA Rio De Goa - Resort style apt,6 KM from Airport",Chicalim,"3,353",Good,7.0,61 reviews,https://www.booking.com/hotel/in/tata-rio-de-goa-resort-style-apt-4-km-from-airport.en-gb.html?label=en-in-booking-desktop-SoQWfYhAMBURf0HSQntj1AS652796016141%3Apl%3Ata%3Ap1%3Ap2%3Aac%3Aap%3Aneg%3Afi%3Atikwd-334108349%3Alp9302084%3Ali%3Adec%3Adm&aid=2311236&ucfs=1&arphpl=1&checkin=2025-02-27&checkout=2025-02-28&dest_id=4127&dest_type=region&group_adults=2&req_adults=2&no_rooms=1&group_children=0&req_children=0&hpos=9&hapos=9&sr_order=popularity&srpvid=f0816bafc3240608&srepoch=1740323936&all_sr_blocks=779938801_336361922_2_0_0&highlighted_blocks=779938801_336361922_2_0_0&matching_block_id=779938801_336361922_2_0_0&sr_pri_blocks=779938801_336361922_2_0_0__335340&from=searchresults
De Alcazar Calangute,Calangute,"1,290",Review score,6.5,"1,266 reviews",https://www.booking.com/hotel/in/emmanuel-beach-resort-by-bellostay.en-gb.html?label=en-in-booking-desktop-SoQWfYhAMBURf0HSQntj1AS652796016141%3Apl%3Ata%3Ap1%3Ap2%3Aac%3Aap%3Aneg%3Afi%3Atikwd-334108349%3Alp9302084%3Ali%3Adec%3Adm&aid=2311236&ucfs=1&arphpl=1&checkin=2025-02-27&checkout=2025-02-28&dest_id=4127&dest_type=region&group_adults=2&req_adults=2&no_rooms=1&group_children=0&req_children=0&hpos=10&hapos=10&sr_order=popularity&srpvid=f0816bafc3240608&srepoch=1740323936&all_sr_blocks=559659403_331254753_2_41_0_651402&highlighted_blocks=559659403_331254753_2_41_0_651402&matching_block_id=559659403_331254753_2_41_0_651402&sr_pri_blocks=559659403_331254753_2_41_0_651402_128993&from=searchresults
Mistral Holidays Near Trinity Beach & Benaulim Beach,"Benaulim Beach, Benaulim","2,250",Fabulous,8.6,258 reviews,https://www.booking.com/hotel/in/mistral-holidays-benaulim.en-gb.html?label=en-in-booking-desktop-SoQWfYhAMBURf0HSQntj1AS652796016141%3Apl%3Ata%3Ap1%3Ap2%3Aac%3Aap%3Aneg%3Afi%3Atikwd-334108349%3Alp9302084%3Ali%3Adec%3Adm&aid=2311236&ucfs=1&arphpl=1&checkin=2025-02-27&checkout=2025-02-28&dest_id=4127&dest_type=region&group_adults=2&req_adults=2&no_rooms=1&group_children=0&req_children=0&hpos=11&hapos=11&sr_order=popularity&srpvid=f0816bafc3240608&srepoch=1740323936&all_sr_blocks=127801304_360211031_2_0_0&highlighted_blocks=127801304_360211031_2_0_0&matching_block_id=127801304_360211031_2_0_0&sr_pri_blocks=127801304_360211031_2_0_0__225000&from=searchresults
"Hotel Sea Sapphire ,Calangute",Calangute,"2,328",Fabulous,8.6,740 reviews,https://www.booking.com/hotel/in/baga-waterfront.en-gb.html?label=en-in-booking-desktop-SoQWfYhAMBURf0HSQntj1AS652796016141%3Apl%3Ata%3Ap1%3Ap2%3Aac%3Aap%3Aneg%3Afi%3Atikwd-334108349%3Alp9302084%3Ali%3Adec%3Adm&aid=2311236&ucfs=1&arphpl=1&checkin=2025-02-27&checkout=2025-02-28&dest_id=4127&dest_type=region&group_adults=2&req_adults=2&no_rooms=1&group_children=0&req_children=0&hpos=12&hapos=12&sr_order=popularity&srpvid=f0816bafc3240608&srepoch=1740323936&all_sr_blocks=787421907_400426699_2_0_0&highlighted_blocks=787421907_400426699_2_0_0&matching_block_id=787421907_400426699_2_0_0&sr_pri_blocks=787421907_400426699_2_0_0__232800&from=searchresults
Arize You Home,Verla,"1,299",Good,7.2,63 reviews,https://www.booking.com/hotel/in/arize-you-home-parra.en-gb.html?label=en-in-booking-desktop-SoQWfYhAMBURf0HSQntj1AS652796016141%3Apl%3Ata%3Ap1%3Ap2%3Aac%3Aap%3Aneg%3Afi%3Atikwd-334108349%3Alp9302084%3Ali%3Adec%3Adm&aid=2311236&ucfs=1&arphpl=1&checkin=2025-02-27&checkout=2025-02-28&dest_id=4127&dest_type=region&group_adults=2&req_adults=2&no_rooms=1&group_children=0&req_children=0&hpos=13&hapos=13&sr_order=popularity&srpvid=f0816bafc3240608&srepoch=1740323936&all_sr_blocks=1010362704_379835687_2_0_0&highlighted_blocks=1010362704_379835687_2_0_0&matching_block_id=1010362704_379835687_2_0_0&sr_pri_blocks=1010362704_379835687_2_0_0__129900&from=searchresults
"La Vera Boutique Hotel, Mandrem",Mandrem,"2,700",Good,7.9,481 reviews,https://www.booking.com/hotel/in/la-vera-boutique.en-gb.html?label=en-in-booking-desktop-SoQWfYhAMBURf0HSQntj1AS652796016141%3Apl%3Ata%3Ap1%3Ap2%3Aac%3Aap%3Aneg%3Afi%3Atikwd-334108349%3Alp9302084%3Ali%3Adec%3Adm&aid=2311236&ucfs=1&arphpl=1&checkin=2025-02-27&checkout=2025-02-28&dest_id=4127&dest_type=region&group_adults=2&req_adults=2&no_rooms=1&group_children=0&req_children=0&hpos=14&hapos=14&sr_order=popularity&srpvid=f0816bafc3240608&srepoch=1740323936&all_sr_blocks=793267704_400808862_2_2_0_406144&highlighted_blocks=793267704_400808862_2_2_0_406144&matching_block_id=793267704_400808862_2_2_0_406144&sr_pri_blocks=793267704_400808862_2_2_0_406144_270000&from=searchresults
Mamagoa Beach Resort,"Mandrem Beach , Mandrem","10,000",Superb,9.0,174 reviews,https://www.booking.com/hotel/in/mamagoa-beach-resort.en-gb.html?label=en-in-booking-desktop-SoQWfYhAMBURf0HSQntj1AS652796016141%3Apl%3Ata%3Ap1%3Ap2%3Aac%3Aap%3Aneg%3Afi%3Atikwd-334108349%3Alp9302084%3Ali%3Adec%3Adm&aid=2311236&ucfs=1&arphpl=1&checkin=2025-02-27&checkout=2025-02-28&dest_id=4127&dest_type=region&group_adults=2&req_adults=2&no_rooms=1&group_children=0&req_children=0&hpos=15&hapos=15&sr_order=popularity&srpvid=f0816bafc3240608&srepoch=1740323936&all_sr_blocks=1064234104_378782528_2_1_0&highlighted_blocks=1064234104_378782528_2_1_0&matching_block_id=1064234104_378782528_2_1_0&sr_pri_blocks=1064234104_378782528_2_1_0__1000000&from=searchresults
Beach Bay Apartments in North Goa,Arpora,"4,950",Very good,8.2,15 reviews,https://www.booking.com/hotel/in/baga-platinium-oaks.en-gb.html?label=en-in-booking-desktop-SoQWfYhAMBURf0HSQntj1AS652796016141%3Apl%3Ata%3Ap1%3Ap2%3Aac%3Aap%3Aneg%3Afi%3Atikwd-334108349%3Alp9302084%3Ali%3Adec%3Adm&aid=2311236&ucfs=1&arphpl=1&checkin=2025-02-27&checkout=2025-02-28&dest_id=4127&dest_type=region&group_adults=2&req_adults=2&no_rooms=1&group_children=0&req_children=0&hpos=16&hapos=16&sr_order=popularity&srpvid=f0816bafc3240608&srepoch=1740323936&all_sr_blocks=1239291309_402204387_6_0_0_667543&highlighted_blocks=1239291309_402204387_6_0_0_667543&matching_block_id=1239291309_402204387_6_0_0_667543&sr_pri_blocks=1239291309_402204387_6_0_0_667543_495000&from=searchresults
Meritas Auberge Calangute Goa,Calangute,"5,439",Superb,9.0,45 reviews,https://www.booking.com/hotel/in/meritas-auberge-calangute-goa.en-gb.html?label=en-in-booking-desktop-SoQWfYhAMBURf0HSQntj1AS652796016141%3Apl%3Ata%3Ap1%3Ap2%3Aac%3Aap%3Aneg%3Afi%3Atikwd-334108349%3Alp9302084%3Ali%3Adec%3Adm&aid=2311236&ucfs=1&arphpl=1&checkin=2025-02-27&checkout=2025-02-28&dest_id=4127&dest_type=region&group_adults=2&req_adults=2&no_rooms=1&group_children=0&req_children=0&hpos=17&hapos=17&sr_order=popularity&srpvid=f0816bafc3240608&srepoch=1740323936&all_sr_blocks=1288035301_408577946_2_42_0&highlighted_blocks=1288035301_408577946_2_42_0&matching_block_id=1288035301_408577946_2_42_0&sr_pri_blocks=1288035301_408577946_2_42_0__543920&from=searchresults
"Jungle Hut-Annabelle's Beach Apartments at Bernard Simao,Calangute,Goa",Candolim,"5,200",Superb,9.0,85 reviews,https://www.booking.com/hotel/in/jungle-hut-annabelles-beach-apartments-at-bernard-simao-calangute-goa.en-gb.html?label=en-in-booking-desktop-SoQWfYhAMBURf0HSQntj1AS652796016141%3Apl%3Ata%3Ap1%3Ap2%3Aac%3Aap%3Aneg%3Afi%3Atikwd-334108349%3Alp9302084%3Ali%3Adec%3Adm&aid=2311236&ucfs=1&arphpl=1&checkin=2025-02-27&checkout=2025-02-28&dest_id=4127&dest_type=region&group_adults=2&req_adults=2&no_rooms=1&group_children=0&req_children=0&hpos=18&hapos=18&sr_order=popularity&srpvid=f0816bafc3240608&srepoch=1740323936&all_sr_blocks=877507105_373403680_2_2_0&highlighted_blocks=877507105_373403680_2_2_0&matching_block_id=877507105_373403680_2_2_0&sr_pri_blocks=877507105_373403680_2_2_0__520000&from=searchresults
Summit Calangute Resort & Spa,Calangute,"4,147",Very good,8.3,26 reviews,https://www.booking.com/hotel/in/summit-calangute-resort-amp-spa.en-gb.html?label=en-in-booking-desktop-SoQWfYhAMBURf0HSQntj1AS652796016141%3Apl%3Ata%3Ap1%3Ap2%3Aac%3Aap%3Aneg%3Afi%3Atikwd-334108349%3Alp9302084%3Ali%3Adec%3Adm&aid=2311236&ucfs=1&arphpl=1&checkin=2025-02-27&checkout=2025-02-28&dest_id=4127&dest_type=region&group_adults=2&req_adults=2&no_rooms=1&group_children=0&req_children=0&hpos=19&hapos=19&sr_order=popularity&srpvid=f0816bafc3240608&srepoch=1740323936&all_sr_blocks=913130304_407193602_2_42_0_780361&highlighted_blocks=913130304_407193602_2_42_0_780361&matching_block_id=913130304_407193602_2_42_0_780361&sr_pri_blocks=913130304_407193602_2_42_0_780361_414700&from=searchresults
Palette Saligao Porvorim,Goa,"1,474",Review score,6.5,31 reviews,https://www.booking.com/hotel/in/luxury-villas-and-rooms-with-swimming-pool-near-calangute-amp-baga.en-gb.html?label=en-in-booking-desktop-SoQWfYhAMBURf0HSQntj1AS652796016141%3Apl%3Ata%3Ap1%3Ap2%3Aac%3Aap%3Aneg%3Afi%3Atikwd-334108349%3Alp9302084%3Ali%3Adec%3Adm&aid=2311236&ucfs=1&arphpl=1&checkin=2025-02-27&checkout=2025-02-28&dest_id=4127&dest_type=region&group_adults=2&req_adults=2&no_rooms=1&group_children=0&req_children=0&hpos=20&hapos=20&sr_order=popularity&srpvid=f0816bafc3240608&srepoch=1740323936&all_sr_blocks=1188490705_408577236_2_0_0&highlighted_blocks=1188490705_408577236_2_0_0&matching_block_id=1188490705_408577236_2_0_0&sr_pri_blocks=1188490705_408577236_2_0_0__147411&from=searchresults
Palette Baga Near Titos Lane,Calangute,"1,690",Very good,8.5,163 reviews,https://www.booking.com/hotel/in/baga-residency-calangute.en-gb.html?label=en-in-booking-desktop-SoQWfYhAMBURf0HSQntj1AS652796016141%3Apl%3Ata%3Ap1%3Ap2%3Aac%3Aap%3Aneg%3Afi%3Atikwd-334108349%3Alp9302084%3Ali%3Adec%3Adm&aid=2311236&ucfs=1&arphpl=1&checkin=2025-02-27&checkout=2025-02-28&dest_id=4127&dest_type=region&group_adults=2&req_adults=2&no_rooms=1&group_children=0&req_children=0&hpos=21&hapos=21&sr_order=popularity&srpvid=f0816bafc3240608&srepoch=1740323936&all_sr_blocks=45149605_408740870_2_0_0&highlighted_blocks=45149605_408740870_2_0_0&matching_block_id=45149605_408740870_2_0_0&sr_pri_blocks=45149605_408740870_2_0_0__169018&from=searchresults
"Sandbanks Beach Villas, Morjim","Morjim Beach, Morjim","4,889",Superb,9.4,152 reviews,https://www.booking.com/hotel/in/sandbanks.en-gb.html?label=en-in-booking-desktop-SoQWfYhAMBURf0HSQntj1AS652796016141%3Apl%3Ata%3Ap1%3Ap2%3Aac%3Aap%3Aneg%3Afi%3Atikwd-334108349%3Alp9302084%3Ali%3Adec%3Adm&aid=2311236&ucfs=1&arphpl=1&checkin=2025-02-27&checkout=2025-02-28&dest_id=4127&dest_type=region&group_adults=2&req_adults=2&no_rooms=1&group_children=0&req_children=0&hpos=22&hapos=22&sr_order=popularity&srpvid=f0816bafc3240608&srepoch=1740323936&all_sr_blocks=836247105_364013079_2_2_0&highlighted_blocks=836247105_364013079_2_2_0&matching_block_id=836247105_364013079_2_2_0&sr_pri_blocks=836247105_364013079_2_2_0__488873&from=searchresults
Okean De Goa Vagator,Vagator,"3,000",Review score,6.9,33 reviews,https://www.booking.com/hotel/in/okean-de-goa.en-gb.html?label=en-in-booking-desktop-SoQWfYhAMBURf0HSQntj1AS652796016141%3Apl%3Ata%3Ap1%3Ap2%3Aac%3Aap%3Aneg%3Afi%3Atikwd-334108349%3Alp9302084%3Ali%3Adec%3Adm&aid=2311236&ucfs=1&arphpl=1&checkin=2025-02-27&checkout=2025-02-28&dest_id=4127&dest_type=region&group_adults=2&req_adults=2&no_rooms=1&group_children=0&req_children=0&hpos=23&hapos=23&sr_order=popularity&srpvid=f0816bafc3240608&srepoch=1740323936&all_sr_blocks=401942513_394737673_2_2_0&highlighted_blocks=401942513_394737673_2_2_0&matching_block_id=401942513_394737673_2_2_0&sr_pri_blocks=401942513_394737673_2_2_0__300000&from=searchresults
Dimaru Boutique Hotel,Calangute,"3,600",Superb,9.4,121 reviews,https://www.booking.com/hotel/in/sea-voyage-calangute.en-gb.html?label=en-in-booking-desktop-SoQWfYhAMBURf0HSQntj1AS652796016141%3Apl%3Ata%3Ap1%3Ap2%3Aac%3Aap%3Aneg%3Afi%3Atikwd-334108349%3Alp9302084%3Ali%3Adec%3Adm&aid=2311236&ucfs=1&arphpl=1&checkin=2025-02-27&checkout=2025-02-28&dest_id=4127&dest_type=region&group_adults=2&req_adults=2&no_rooms=1&group_children=0&req_children=0&hpos=24&hapos=24&sr_order=popularity&srpvid=f0816bafc3240608&srepoch=1740323936&all_sr_blocks=1273697010_403855856_5_0_0&highlighted_blocks=1273697010_403855856_5_0_0&matching_block_id=1273697010_403855856_5_0_0&sr_pri_blocks=1273697010_403855856_5_0_0__360000&from=searchresults
FabHotel Kris Resort - Nr Calangute Beach,Calangute,"1,620",Good,7.3,13 reviews,https://www.booking.com/hotel/in/kris-resort-calangute-goa.en-gb.html?label=en-in-booking-desktop-SoQWfYhAMBURf0HSQntj1AS652796016141%3Apl%3Ata%3Ap1%3Ap2%3Aac%3Aap%3Aneg%3Afi%3Atikwd-334108349%3Alp9302084%3Ali%3Adec%3Adm&aid=2311236&ucfs=1&arphpl=1&checkin=2025-02-27&checkout=2025-02-28&dest_id=4127&dest_type=region&group_adults=2&req_adults=2&no_rooms=1&group_children=0&req_children=0&hpos=25&hapos=25&sr_order=popularity&srpvid=f0816bafc3240608&srepoch=1740323936&all_sr_blocks=1151079004_405704746_2_0_0&highlighted_blocks=1151079004_405704746_2_0_0&matching_block_id=1151079004_405704746_2_0_0&sr_pri_blocks=1151079004_405704746_2_0_0__161957&from=searchresults
